Extracted from the UNHCR Population Statistics Reference Database,United Nations High Commissioner for Refugees,,,,,,,,,,,,
Date extracted: 2016-11-07 16:33:34 +01:00,,,,,,,,,,,,,
,,,,,,,,,,,,,
Year,Country / territory of asylum/residence,Origin,RSD procedure type / level,Total persons pending start-year,of which UNHCR-assisted,Applied during year,statistics.filter.decisions_recognized,statistics.filter.decisions_other,Rejected,Otherwise closed,Total decisions,Total persons pending end-year,of which UNHCR-assisted
2011,Yemen,Syrian Arab Rep.,U / FA,34,34,17,4,0,0,23,27,24,24
2011,United States of America,Syrian Arab Rep.,G / IN,10,0,206,61,0,10,52,123,112,0
2011,United States of America,Syrian Arab Rep.,G / EO,0,0,57,16,0,19,30,65,0,0
2011,Ukraine,Syrian Arab Rep.,U / FI,1,1,7,0,0,8,0,8,0,0
2011,Ukraine,Syrian Arab Rep.,G / JR,73,73,67,2,0,9,4,15,125,125
2011,Ukraine,Syrian Arab Rep.,G / FA,22,22,55,1,0,13,12,26,51,51
2011,Turkey,Syrian Arab Rep.,U / RA,0,0,7,1,0,0,6,7,0,0
2011,Turkey,Syrian Arab Rep.,U / FI,50,50,188,13,0,5,30,48,190,190
2011,Turkey,Syrian Arab Rep.,U / AR,15,15,13,0,0,0,13,13,15,15
2011,Tunisia,Syrian Arab Rep.,U / FA,0,0,5,5,0,0,0,5,0,0
2011,Thailand,Syrian Arab Rep.,U / FI,1,1,9,0,0,1,1,2,8,8
2011,Togo,Syrian Arab Rep.,G / FI,0,0,1,1,0,0,0,1,0,0
2011,Chad,Syrian Arab Rep.,J / FI,0,0,2,2,0,0,0,2,0,0
2011,Sweden,Syrian Arab Rep.,G / FI,247,0,640,91,57,334,16,498,287,0
2011,Sweden,Syrian Arab Rep.,G / AR,124,0,350,12,16,389,39,456,198,0
2011,Slovenia,Syrian Arab Rep.,G / FI,0,0,11,0,0,1,4,5,6,0
2011,Slovakia,Syrian Arab Rep.,G / FI,0,0,10,1,0,1,6,8,0,0
2011,Serbia and Kosovo (S/RES/1244 (1999)),Syrian Arab Rep.,G / FI,0,0,13,0,0,0,13,13,0,0
2011,Saudi Arabia,Syrian Arab Rep.,U / FI,7,7,5,0,0,0,0,,12,12
2011,Russian Federation,Syrian Arab Rep.,G / TA,2,2,13,2,0,0,9,11,4,4
2011,Russian Federation,Syrian Arab Rep.,G / FI,1,1,31,0,0,0,24,24,8,8
2011,Romania,Syrian Arab Rep.,G / FA,13,4,44,1,0,24,5,30,27,17
2011,Poland,Syrian Arab Rep.,G / RA,0,0,1,0,0,0,0,,0,0
2011,Poland,Syrian Arab Rep.,G / FI,8,0,11,0,2,0,9,11,10,0
2011,Poland,Syrian Arab Rep.,G / AR,0,0,0,0,2,0,0,2,0,0
2011,Philippines,Syrian Arab Rep.,G / FI,0,0,2,0,0,0,0,,2,0
2011,Panama,Syrian Arab Rep.,G / FI,0,0,2,0,0,0,0,,2,0
2011,Pakistan,Syrian Arab Rep.,U / FA,0,0,2,0,0,0,0,,2,2
2011,Oman,Syrian Arab Rep.,U / FI,0,0,4,0,0,0,0,,4,4
2011,New Zealand,Syrian Arab Rep.,G / FI,1,0,2,0,0,1,0,1,2,0
2011,New Zealand,Syrian Arab Rep.,G / AR,2,0,1,0,0,3,0,3,0,0
2011,Norway,Syrian Arab Rep.,G / FI,84,0,198,3,5,52,51,111,179,0
2011,Norway,Syrian Arab Rep.,G / AR,108,0,158,0,0,113,7,120,157,0
2011,Netherlands,Syrian Arab Rep.,G / RA,0,0,30,0,0,0,0,,0,0
2011,Netherlands,Syrian Arab Rep.,G / FI,133,0,168,7,16,63,0,86,231,0
2011,Netherlands,Syrian Arab Rep.,G / JR,0,0,0,1,1,4,0,6,0,0
2011,Malaysia,Syrian Arab Rep.,U / FI,5,5,14,4,0,0,7,11,8,8
2011,Montenegro,Syrian Arab Rep.,G / FA,0,0,1,0,0,1,0,1,0,0
2011,Malta,Syrian Arab Rep.,G / FI,1,0,122,2,45,0,4,51,72,0
2011,Malta,Syrian Arab Rep.,G / AR,0,0,2,0,0,3,0,3,0,0
2011,The former Yugoslav Republic of Macedonia,Syrian Arab Rep.,G / FA,0,0,2,0,0,0,2,2,0,0
2011,Rep. of Moldova,Syrian Arab Rep.,G / FA,4,4,13,2,1,4,0,7,10,10
2011,Morocco,Syrian Arab Rep.,U / FI,0,0,5,0,0,0,0,,5,5
2011,"China, Macao SAR",Syrian Arab Rep.,G / FI,0,0,4,0,0,0,0,,4,4
2011,"China, Macao SAR",Syrian Arab Rep.,G / AR,4,4,0,0,0,0,4,4,0,0
2011,Latvia,Syrian Arab Rep.,G / FI,0,0,16,0,4,0,1,5,11,0
2011,Luxembourg,Syrian Arab Rep.,G / FI,15,0,10,0,0,6,0,6,0,0
2011,Lithuania,Syrian Arab Rep.,G / FI,0,0,1,0,1,0,0,1,0,0
2011,Sri Lanka,Syrian Arab Rep.,U / FA,0,0,1,1,0,0,0,1,0,0
2011,Lebanon,Syrian Arab Rep.,U / RA,0,0,4,0,0,0,0,,4,4
2011,Lebanon,Syrian Arab Rep.,U / FI,127,127,338,60,0,44,51,155,310,310
2011,Lebanon,Syrian Arab Rep.,U / AR,14,14,48,1,0,7,1,9,53,53
2011,Kuwait,Syrian Arab Rep.,U / FI,13,13,9,6,0,0,6,12,10,10
2011,Rep. of Korea,Syrian Arab Rep.,G / FA,0,0,2,0,0,0,0,,2,1
2011,Kyrgyzstan,Syrian Arab Rep.,U / FA,11,11,1,0,0,0,2,2,10,10
2011,Kyrgyzstan,Syrian Arab Rep.,G / FI,1,1,1,0,0,1,0,1,1,1
2011,Kazakhstan,Syrian Arab Rep.,G / FI,0,0,2,0,0,0,0,,2,2
2011,Japan,Syrian Arab Rep.,G / FI,0,0,2,0,0,0,0,,0,0
2011,Jordan,Syrian Arab Rep.,U / FA,287,287,2398,5,0,28,34,67,2618,2618
2011,Italy,Syrian Arab Rep.,G / FI,0,0,541,31,20,57,0,108,0,0
2011,Israel,Syrian Arab Rep.,U / FI,0,0,1,1,0,0,0,1,0,0
2011,Iceland,Syrian Arab Rep.,G / FI,2,0,1,0,1,0,2,3,0,0
2011,Iceland,Syrian Arab Rep.,G / AR,0,0,2,0,0,0,2,2,0,0
2011,Iraq,Syrian Arab Rep.,U / FI,968,968,424,1,0,0,0,1,1391,1391
2011,Iran (Islamic Rep. of),Syrian Arab Rep.,U / FI,1,1,0,0,0,0,1,1,0,0
2011,Ireland,Syrian Arab Rep.,G / SP,10,0,1,0,0,0,0,,11,0
2011,Ireland,Syrian Arab Rep.,G / FI,1,0,11,0,0,5,1,6,6,0
2011,Ireland,Syrian Arab Rep.,G / AR,0,0,1,0,0,0,0,,1,0
2011,India,Syrian Arab Rep.,U / FI,0,0,1,0,0,0,0,,1,1
2011,Indonesia,Syrian Arab Rep.,U / FA,0,0,7,0,0,0,0,,7,7
2011,Hungary,Syrian Arab Rep.,G / FI,8,0,91,1,3,17,50,71,0,0
2011,Croatia,Syrian Arab Rep.,G / FI,4,4,9,0,0,3,6,9,4,4
2011,Croatia,Syrian Arab Rep.,G / AR,0,0,1,0,0,0,1,1,0,0
2011,Greece,Syrian Arab Rep.,G / FI,0,0,352,3,1,146,42,192,0,0
2011,Greece,Syrian Arab Rep.,G / AR,2217,0,0,0,1,0,0,1,0,0
2011,United Kingdom,Syrian Arab Rep.,G / FI,42,0,508,141,6,192,21,360,196,0
2011,United Kingdom,Syrian Arab Rep.,G / AR,57,0,136,47,0,64,9,120,143,0
2011,United Kingdom,Syrian Arab Rep.,G / RA,0,0,4,0,1,0,0,1,0,0
2011,France,Syrian Arab Rep.,G / JR,0,0,0,43,5,4,0,52,0,0
2011,France,Syrian Arab Rep.,G / FI,0,0,119,33,5,18,0,56,0,0
2011,Finland,Syrian Arab Rep.,G / FI,23,0,109,6,27,6,9,48,75,0
2011,Spain,Syrian Arab Rep.,G / FI,139,0,97,0,0,1,3,4,0,0
2011,Egypt,Syrian Arab Rep.,U / FI,1,0,92,1,0,0,7,8,85,0
2011,Egypt,Syrian Arab Rep.,U / AR,1,0,0,1,0,0,0,1,0,0
2011,Ecuador,Syrian Arab Rep.,G / FA,2,2,4,2,0,2,0,4,0,0
2011,Algeria,Syrian Arab Rep.,U / FI,0,0,4,0,0,0,0,,4,4
2011,Dominican Rep.,Syrian Arab Rep.,G / FI,1,1,0,0,0,0,0,,1,1
2011,Denmark,Syrian Arab Rep.,G / FI,111,0,428,343,10,195,0,548,93,0
2011,Denmark,Syrian Arab Rep.,G / AR,155,0,0,100,7,61,6,174,0,0
2011,Germany,Syrian Arab Rep.,G / RA,207,0,802,106,23,1,98,228,798,0
2011,Germany,Syrian Arab Rep.,G / NA,793,0,2634,283,17,362,154,816,2590,0
2011,Germany,Syrian Arab Rep.,G / JR,1690,0,0,0,0,0,0,,1325,0
2011,Czech Rep.,Syrian Arab Rep.,G / FI,0,0,23,0,9,0,0,9,0,0
2011,Cyprus,Syrian Arab Rep.,U / FA,0,0,23,0,0,0,15,15,8,8
2011,Cyprus,Syrian Arab Rep.,G / FI,89,0,187,0,2,56,15,73,203,0
2011,Cyprus,Syrian Arab Rep.,G / AR,153,0,97,5,5,78,28,116,134,0
2011,Costa Rica,Syrian Arab Rep.,G / FI,0,0,1,0,0,0,0,,1,1
2011,China,Syrian Arab Rep.,U / FA,0,0,2,0,0,0,0,,2,0
2011,Switzerland,Syrian Arab Rep.,G / TP,371,0,0,0,140,0,0,140,70,0
2011,Switzerland,Syrian Arab Rep.,G / FI,488,0,688,115,215,42,203,575,996,0
2011,Canada,Syrian Arab Rep.,G / FI,221,0,181,83,0,56,14,153,251,0
2011,Brazil,Syrian Arab Rep.,G / FI,0,0,14,1,0,0,0,1,13,14
2011,Bosnia and Herzegovina,Syrian Arab Rep.,G / FA,2,0,0,0,0,0,0,,2,0
2011,Bahrain,Syrian Arab Rep.,U / FI,0,0,3,0,0,0,0,,3,3
2011,Bulgaria,Syrian Arab Rep.,G / FA,30,0,85,0,5,43,20,68,70,0
2011,Belgium,Syrian Arab Rep.,G / RA,0,0,168,0,0,0,0,,0,0
2011,Belgium,Syrian Arab Rep.,G / FI,224,0,494,63,0,19,14,96,666,0
2011,Azerbaijan,Syrian Arab Rep.,U / FI,0,0,1,1,0,0,0,1,0,0
2011,Azerbaijan,Syrian Arab Rep.,G / FI,0,0,1,0,0,1,0,1,0,0
2011,Austria,Syrian Arab Rep.,G / FA,471,0,422,360,49,83,25,517,456,0
2011,Australia,Syrian Arab Rep.,G / FI,16,0,96,27,0,20,0,47,57,0
2011,Australia,Syrian Arab Rep.,G / AR,2,0,20,9,0,5,0,14,9,0
2011,Armenia,Syrian Arab Rep.,G / JR,0,0,2,0,0,0,0,,2,0
2011,Armenia,Syrian Arab Rep.,G / FI,0,0,6,6,0,0,0,6,0,0
2011,United Arab Emirates,Syrian Arab Rep.,U / FA,9,9,11,5,0,0,9,14,6,6
2012,South Africa,Syrian Arab Rep.,G / FI,0,0,10,2,0,0,0,2,8,0
2012,Yemen,Syrian Arab Rep.,U / FA,24,24,111,1,0,0,3,4,131,131
2012,United States of America,Syrian Arab Rep.,G / IN,116,0,647,316,0,21,89,426,367,0
2012,United States of America,Syrian Arab Rep.,G / EO,0,0,57,46,0,13,53,112,0,0
2012,Ukraine,Syrian Arab Rep.,U / FA,0,0,3,0,0,0,0,,0,0
2012,Ukraine,Syrian Arab Rep.,G / FI,51,51,309,2,16,38,36,92,268,214
2012,Ukraine,Syrian Arab Rep.,G / AR,125,125,111,1,4,19,27,51,185,139
2012,Uganda,Syrian Arab Rep.,G / FA,0,0,1,0,0,0,0,,1,1
2012,United Rep. of Tanzania,Syrian Arab Rep.,J / FI,0,0,1,0,0,0,0,,1,0
2012,Turkey,Syrian Arab Rep.,U / RA,0,0,16,0,0,0,0,,16,16
2012,Turkey,Syrian Arab Rep.,U / FI,190,190,24,10,0,0,20,30,184,184
2012,Turkey,Syrian Arab Rep.,U / AR,15,15,0,0,0,0,15,15,0,0
2012,Tunisia,Syrian Arab Rep.,U / FI,0,0,30,0,0,0,0,,30,0
2012,Thailand,Syrian Arab Rep.,U / FI,8,8,89,11,0,0,26,37,60,60
2012,Togo,Syrian Arab Rep.,G / FI,0,0,8,0,0,0,0,,8,8
2012,Chad,Syrian Arab Rep.,G / FA,0,0,0,0,0,0,0,,0,0
2012,Sweden,Syrian Arab Rep.,G / FI,287,0,7814,1133,3643,47,218,5041,3463,0
2012,Sweden,Syrian Arab Rep.,G / AR,198,0,0,28,232,338,153,751,288,0
2012,Slovenia,Syrian Arab Rep.,G / FI,6,0,33,2,0,13,16,31,8,0
2012,Slovakia,Syrian Arab Rep.,G / FI,0,0,4,1,0,5,2,8,0,0
2012,Serbia and Kosovo (S/RES/1244 (1999)),Syrian Arab Rep.,G / FI,0,0,1,0,0,0,1,1,0,0
2012,Sudan,Syrian Arab Rep.,U / FI,0,0,32,0,0,0,0,,32,32
2012,Saudi Arabia,Syrian Arab Rep.,U / FI,12,12,0,0,0,0,0,,12,12
2012,Russian Federation,Syrian Arab Rep.,G / TA,4,4,114,49,0,46,0,95,23,23
2012,Russian Federation,Syrian Arab Rep.,G / FI,8,8,197,0,0,137,0,137,68,68
2012,Romania,Syrian Arab Rep.,G / FA,3,3,268,63,69,76,3,211,10,10
2012,Qatar,Syrian Arab Rep.,U / FI,0,0,1,0,0,0,0,,1,1
2012,Portugal,Syrian Arab Rep.,G / FI,0,0,22,0,0,0,13,13,9,0
2012,Poland,Syrian Arab Rep.,G / FI,10,0,107,0,6,0,24,30,83,0
2012,Poland,Syrian Arab Rep.,G / AR,0,0,0,0,1,0,0,1,0,0
2012,Philippines,Syrian Arab Rep.,G / FI,2,2,5,0,0,0,2,2,5,5
2012,Panama,Syrian Arab Rep.,G / FI,2,0,0,0,0,0,2,2,0,0
2012,Pakistan,Syrian Arab Rep.,U / FA,2,2,0,2,0,0,0,2,0,0
2012,Oman,Syrian Arab Rep.,U / FI,4,4,0,0,0,0,0,,4,4
2012,New Zealand,Syrian Arab Rep.,G / FI,2,0,13,9,0,3,0,12,3,0
2012,New Zealand,Syrian Arab Rep.,G / AR,0,0,3,3,0,0,0,3,0,0
2012,Nepal,Syrian Arab Rep.,U / FI,0,0,1,0,0,0,1,1,0,0
2012,Norway,Syrian Arab Rep.,G / FI,179,0,327,56,188,12,57,313,221,0
2012,Norway,Syrian Arab Rep.,G / AR,157,0,127,0,159,37,5,201,85,0
2012,Netherlands,Syrian Arab Rep.,G / RA,0,0,121,0,0,0,0,,0,0
2012,Netherlands,Syrian Arab Rep.,G / JR,0,0,0,0,27,1,0,28,0,0
2012,Netherlands,Syrian Arab Rep.,G / FI,231,0,454,46,538,48,0,632,231,0
2012,Nigeria,Syrian Arab Rep.,G / FA,0,0,1,0,0,0,0,,1,1
2012,Niger,Syrian Arab Rep.,G / FI,0,0,6,0,0,0,0,,6,6
2012,Malaysia,Syrian Arab Rep.,U / FI,8,8,76,0,0,0,1,1,83,83
2012,Montenegro,Syrian Arab Rep.,G / FA,0,0,44,0,0,21,16,37,7,2
2012,Malta,Syrian Arab Rep.,G / FI,72,0,147,1,113,0,6,120,139,0
2012,The former Yugoslav Republic of Macedonia,Syrian Arab Rep.,G / FA,0,0,5,0,0,0,4,4,1,1
2012,Mexico,Syrian Arab Rep.,G / FI,0,0,2,2,0,0,0,2,0,0
2012,Rep. of Moldova,Syrian Arab Rep.,G / FI,10,10,73,12,33,0,5,50,33,33
2012,Morocco,Syrian Arab Rep.,U / FI,5,5,839,0,0,0,2,2,842,842
2012,"China, Macao SAR",Syrian Arab Rep.,J / FA,4,4,1,4,0,0,0,4,1,1
2012,Latvia,Syrian Arab Rep.,G / FI,11,0,18,0,13,0,1,14,15,0
2012,Luxembourg,Syrian Arab Rep.,G / FI,0,0,14,5,0,2,0,7,0,0
2012,Lithuania,Syrian Arab Rep.,G / FI,0,0,6,0,1,0,0,1,5,0
2012,Liechtenstein,Syrian Arab Rep.,G / FI,0,0,1,0,0,0,1,1,0,0
2012,Libya,Syrian Arab Rep.,U / FI,0,0,3798,0,0,0,4,4,3794,0
2012,Lebanon,Syrian Arab Rep.,U / RA,4,4,7,0,0,0,0,,11,11
2012,Lebanon,Syrian Arab Rep.,U / FI,310,310,138,33,0,3,230,266,182,182
2012,Lebanon,Syrian Arab Rep.,U / AR,53,53,3,5,0,0,2,7,49,49
2012,Kuwait,Syrian Arab Rep.,U / FA,10,10,1,1,0,0,2,3,8,8
2012,Rep. of Korea,Syrian Arab Rep.,G / FA,4,1,146,0,0,0,0,,146,31
2012,Cambodia,Syrian Arab Rep.,G / FI,0,0,1,0,0,0,0,,1,0
2012,Kyrgyzstan,Syrian Arab Rep.,U / FA,10,10,0,0,0,0,4,4,6,6
2012,Kyrgyzstan,Syrian Arab Rep.,G / FI,1,1,29,0,0,1,1,2,28,28
2012,Kazakhstan,Syrian Arab Rep.,U / FI,0,0,3,0,0,0,0,,3,3
2012,Kazakhstan,Syrian Arab Rep.,G / FI,2,2,11,0,0,3,1,4,9,9
2012,Japan,Syrian Arab Rep.,G / FI,0,0,26,0,6,1,1,8,18,0
2012,Jordan,Syrian Arab Rep.,U / FA,2618,2618,0,12,0,13,2102,2127,491,491
2012,Italy,Syrian Arab Rep.,G / FI,0,0,354,98,103,28,0,229,507,0
2012,Israel,Syrian Arab Rep.,U / FI,0,0,0,1,0,0,0,1,0,0
2012,Iceland,Syrian Arab Rep.,G / FI,0,0,3,1,0,0,0,1,2,0
2012,Iraq,Syrian Arab Rep.,U / FI,1391,1391,0,4,0,0,202,206,1185,1185
2012,Ireland,Syrian Arab Rep.,G / SP,11,0,2,0,2,0,0,2,11,0
2012,Ireland,Syrian Arab Rep.,G / FI,6,0,16,13,0,6,1,20,2,0
2012,Ireland,Syrian Arab Rep.,G / AR,1,0,6,0,0,5,0,5,2,0
2012,India,Syrian Arab Rep.,U / FI,1,1,15,6,0,0,5,11,5,5
2012,Indonesia,Syrian Arab Rep.,U / FA,7,7,49,5,0,0,3,8,48,48
2012,Hungary,Syrian Arab Rep.,G / FI,0,0,145,1,44,15,75,135,0,0
2012,Croatia,Syrian Arab Rep.,G / JR,0,0,1,0,0,1,0,1,0,0
2012,Croatia,Syrian Arab Rep.,G / FI,4,4,86,1,11,1,37,50,40,40
2012,"China, Hong Kong SAR",Syrian Arab Rep.,U / FI,0,0,1,0,0,0,0,,1,1
2012,Greece,Syrian Arab Rep.,G / FI,0,0,275,0,1,150,113,264,0,0
2012,Greece,Syrian Arab Rep.,G / AR,0,0,0,1,8,0,0,9,0,0
2012,Ghana,Syrian Arab Rep.,G / FI,0,0,2,0,0,0,0,,2,2
2012,Georgia,Syrian Arab Rep.,G / FA,0,0,18,0,1,0,1,2,16,16
2012,United Kingdom,Syrian Arab Rep.,G / RA,0,0,16,1,1,3,3,8,0,0
2012,United Kingdom,Syrian Arab Rep.,G / FI,196,0,1289,868,51,195,62,1176,313,0
2012,United Kingdom,Syrian Arab Rep.,G / AR,143,0,168,102,0,60,33,195,76,0
2012,France,Syrian Arab Rep.,G / AR,0,0,30,36,6,5,0,47,0,0
2012,France,Syrian Arab Rep.,G / RA,0,0,8,0,0,0,0,,0,0
2012,France,Syrian Arab Rep.,G / FI,0,0,629,126,117,21,0,264,0,0
2012,Finland,Syrian Arab Rep.,G / FI,75,0,180,71,71,0,28,170,110,0
2012,Estonia,Syrian Arab Rep.,G / FI,0,0,4,0,0,4,0,4,0,0
2012,Spain,Syrian Arab Rep.,G / FI,100,0,255,0,0,15,0,15,320,0
2012,Egypt,Syrian Arab Rep.,U / FI,85,85,0,85,0,0,0,85,0,0
2012,Ecuador,Syrian Arab Rep.,G / FA,0,0,3,0,0,6,0,6,0,0
2012,Algeria,Syrian Arab Rep.,U / FI,4,4,237,0,0,0,5,5,236,236
2012,Dominican Rep.,Syrian Arab Rep.,G / FI,1,1,0,1,0,0,0,1,0,0
2012,Denmark,Syrian Arab Rep.,G / AR,0,0,97,80,11,93,0,184,59,0
2012,Denmark,Syrian Arab Rep.,G / FI,93,0,907,606,55,81,0,742,56,0
2012,Germany,Syrian Arab Rep.,G / RA,798,0,1729,279,1958,10,47,2294,264,0
2012,Germany,Syrian Arab Rep.,G / JR,1325,0,0,0,0,0,0,,2436,0
2012,Germany,Syrian Arab Rep.,G / NA,2590,0,6201,1708,3522,9,268,5507,3286,0
2012,Czech Rep.,Syrian Arab Rep.,G / FI,26,0,68,0,22,0,8,30,70,0
2012,Cyprus,Syrian Arab Rep.,U / FA,8,0,49,0,0,0,45,45,12,0
2012,Cyprus,Syrian Arab Rep.,G / FI,203,0,564,1,1,9,55,66,701,0
2012,Cyprus,Syrian Arab Rep.,G / AR,134,0,99,0,0,0,0,,233,0
2012,Cuba,Syrian Arab Rep.,U / FA,0,0,63,59,0,0,1,60,3,3
2012,Costa Rica,Syrian Arab Rep.,G / FI,1,1,3,0,0,1,1,2,2,2
2012,Colombia,Syrian Arab Rep.,G / FI,0,0,3,1,0,0,0,1,2,2
2012,Cameroon,Syrian Arab Rep.,U / FA,0,0,4,1,0,0,0,1,3,3
2012,China,Syrian Arab Rep.,U / FA,2,0,0,0,0,0,2,2,0,0
2012,Chile,Syrian Arab Rep.,G / FI,0,0,5,0,0,0,0,,5,0
2012,Switzerland,Syrian Arab Rep.,G / FI,996,0,1146,184,206,8,212,610,1665,0
2012,Switzerland,Syrian Arab Rep.,G / AR,189,0,192,0,0,0,0,,27,0
2012,Canada,Syrian Arab Rep.,G / FI,251,0,350,155,0,34,7,196,404,0
2012,Brazil,Syrian Arab Rep.,G / FI,22,14,81,36,0,0,0,36,67,58
2012,Belarus,Syrian Arab Rep.,G / FI,0,0,14,0,0,0,3,3,11,11
2012,Bosnia and Herzegovina,Syrian Arab Rep.,G / FA,2,2,35,0,4,1,6,11,26,26
2012,Bahrain,Syrian Arab Rep.,U / FI,3,3,0,0,0,0,0,,3,3
2012,Bulgaria,Syrian Arab Rep.,G / RA,0,0,13,0,0,0,0,,0,0
2012,Bulgaria,Syrian Arab Rep.,G / FA,70,0,436,0,57,27,52,136,0,0
2012,Benin,Syrian Arab Rep.,G / FI,0,0,1,1,0,0,0,1,0,0
2012,Belgium,Syrian Arab Rep.,G / FI,666,0,798,128,468,2,32,630,938,0
2012,Belgium,Syrian Arab Rep.,G / RA,0,0,206,0,0,0,0,,0,0
2012,Azerbaijan,Syrian Arab Rep.,U / FI,0,0,6,0,0,0,0,,6,6
2012,Azerbaijan,Syrian Arab Rep.,G / JR,0,0,1,0,0,1,0,1,0,0
2012,Azerbaijan,Syrian Arab Rep.,G / FI,0,0,5,0,0,5,0,5,0,0
2012,Austria,Syrian Arab Rep.,G / FA,456,0,915,542,239,100,22,903,694,0
2012,Australia,Syrian Arab Rep.,G / FI,57,0,141,117,0,11,0,128,70,0
2012,Australia,Syrian Arab Rep.,G / AR,9,0,9,11,0,6,0,17,4,0
2012,Armenia,Syrian Arab Rep.,G / JR,2,0,0,0,0,2,0,2,0,0
2012,Armenia,Syrian Arab Rep.,G / FI,0,0,496,130,0,0,26,156,340,340
2012,Argentina,Syrian Arab Rep.,G / FI,0,0,50,40,0,0,1,41,9,0
2012,United Arab Emirates,Syrian Arab Rep.,U / FA,6,6,12,4,0,0,0,4,14,14
2012,Albania,Syrian Arab Rep.,G / FA,0,0,3,0,0,0,0,,3,3
2012,Angola,Syrian Arab Rep.,G / FA,0,0,0,0,0,0,0,,1,0
2012,Afghanistan,Syrian Arab Rep.,U / FA,0,0,1,1,0,0,0,1,0,0
2013,Zambia,Syrian Arab Rep.,G / FI,0,0,4,0,0,0,0,,4,4
2013,South Africa,Syrian Arab Rep.,G / FI,8,0,11,6,0,3,0,9,10,2
2013,South Africa,Syrian Arab Rep.,G / AR,0,0,1,0,0,0,0,,1,0
2013,Yemen,Syrian Arab Rep.,U / FI,131,131,1726,12,0,0,84,96,1761,1761
2013,United States of America,Syrian Arab Rep.,G / EO,0,0,115,52,0,5,108,165,186,0
2013,United States of America,Syrian Arab Rep.,G / IN,370,0,1468,576,0,55,137,768,1192,0
2013,Uruguay,Syrian Arab Rep.,G / FI,0,0,1,0,0,0,0,,1,0
2013,Ukraine,Syrian Arab Rep.,U / FA,0,0,3,0,0,0,3,3,0,0
2013,Ukraine,Syrian Arab Rep.,G / AR,185,139,101,61,0,33,4,98,188,131
2013,Ukraine,Syrian Arab Rep.,G / FI,268,214,367,8,99,105,20,232,403,356
2013,Uganda,Syrian Arab Rep.,G / FA,1,1,7,0,0,0,0,,8,8
2013,United Rep. of Tanzania,Syrian Arab Rep.,G / FI,1,0,5,0,0,0,0,,6,6
2013,Turkey,Syrian Arab Rep.,U / RA,16,0,0,16,0,0,0,16,0,0
2013,Turkey,Syrian Arab Rep.,U / AR,0,0,15,0,0,0,5,5,10,10
2013,Turkey,Syrian Arab Rep.,U / FI,184,184,108,100,0,0,92,192,100,100
2013,Trinidad and Tobago,Syrian Arab Rep.,U / FI,0,0,1,1,0,0,0,1,0,0
2013,Thailand,Syrian Arab Rep.,U / FI,60,60,155,35,0,0,36,71,144,144
2013,Togo,Syrian Arab Rep.,G / FI,8,8,0,0,0,0,7,7,1,1
2013,Chad,Syrian Arab Rep.,G / FA,0,0,13,11,0,0,0,11,2,2
2013,Sweden,Syrian Arab Rep.,G / AR,288,0,1912,71,478,811,1107,2467,334,0
2013,Sweden,Syrian Arab Rep.,G / FI,3463,0,16317,1921,9608,32,671,12232,6474,0
2013,Slovenia,Syrian Arab Rep.,G / FI,8,0,56,2,5,7,48,62,2,0
2013,Slovakia,Syrian Arab Rep.,G / RA,0,0,5,0,0,0,0,,0,0
2013,Slovakia,Syrian Arab Rep.,G / FI,0,0,13,0,2,6,19,27,0,0
2013,South Sudan,Syrian Arab Rep.,U / FI,0,0,1,0,0,0,0,,1,0
2013,Serbia and Kosovo (S/RES/1244 (1999)),Syrian Arab Rep.,G / FI,0,0,24,0,3,0,20,23,1,1
2013,Somalia,Syrian Arab Rep.,U / FI,0,0,8,0,0,0,0,,8,8
2013,Senegal,Syrian Arab Rep.,G / FI,0,0,4,0,0,0,0,,4,4
2013,Sudan,Syrian Arab Rep.,G / FI,0,0,1,1,0,0,0,1,0,0
2013,Sudan,Syrian Arab Rep.,U / FI,32,32,192,0,0,0,0,,224,224
2013,Saudi Arabia,Syrian Arab Rep.,U / FI,12,12,4,4,0,0,0,4,12,12
2013,Russian Federation,Syrian Arab Rep.,G / TA,23,23,1776,0,1191,55,71,1317,482,482
2013,Russian Federation,Syrian Arab Rep.,G / FI,68,68,1073,0,0,710,74,784,357,357
2013,Romania,Syrian Arab Rep.,G / RA,0,0,41,0,0,0,0,,0,0
2013,Romania,Syrian Arab Rep.,G / FI,10,10,1014,311,507,127,33,978,91,91
2013,Qatar,Syrian Arab Rep.,U / FI,1,1,0,0,0,0,1,1,0,0
2013,Portugal,Syrian Arab Rep.,G / FI,9,0,146,0,14,0,133,147,8,0
2013,Poland,Syrian Arab Rep.,G / AR,0,0,0,1,1,0,1,3,0,0
2013,Poland,Syrian Arab Rep.,G / FI,83,0,248,69,20,1,149,239,100,0
2013,Philippines,Syrian Arab Rep.,G / FI,6,0,26,6,0,0,5,11,21,0
2013,Peru,Syrian Arab Rep.,G / FI,0,0,4,3,0,0,1,4,0,0
2013,Pakistan,Syrian Arab Rep.,U / FA,0,0,2,1,0,0,1,2,0,0
2013,Oman,Syrian Arab Rep.,U / FI,4,4,0,0,0,0,0,,4,4
2013,New Zealand,Syrian Arab Rep.,G / FI,4,0,10,6,0,1,0,7,7,0
2013,Norway,Syrian Arab Rep.,G / RA,0,0,15,0,0,0,0,,0,0
2013,Norway,Syrian Arab Rep.,G / AR,85,0,125,0,55,127,7,189,35,0
2013,Norway,Syrian Arab Rep.,G / FI,0,0,841,278,413,12,163,866,224,0
2013,Netherlands,Syrian Arab Rep.,G / RA,0,0,33,0,0,0,0,,0,0
2013,Netherlands,Syrian Arab Rep.,G / FI,0,0,2673,62,2010,299,2,2373,0,0
2013,Netherlands,Syrian Arab Rep.,G / JR,0,0,0,1,34,8,0,43,0,0
2013,Nigeria,Syrian Arab Rep.,G / FI,1,1,19,9,0,0,1,10,10,10
2013,Niger,Syrian Arab Rep.,G / FI,6,6,1,6,0,0,0,6,1,1
2013,Malaysia,Syrian Arab Rep.,U / FI,83,83,754,100,0,0,17,117,720,720
2013,Mauritania,Syrian Arab Rep.,U / FI,0,0,46,5,0,0,0,5,41,41
2013,Mongolia,Syrian Arab Rep.,U / FI,0,0,3,0,0,0,0,,3,3
2013,Montenegro,Syrian Arab Rep.,G / FA,7,2,285,0,0,0,232,232,60,8
2013,Malta,Syrian Arab Rep.,G / AR,0,0,0,2,0,1,0,3,0,0
2013,Malta,Syrian Arab Rep.,G / FI,139,0,247,412,171,1,21,605,102,0
2013,The former Yugoslav Republic of Macedonia,Syrian Arab Rep.,G / FA,1,1,370,0,0,0,166,166,205,205
2013,Mexico,Syrian Arab Rep.,G / FI,0,0,11,11,0,0,0,11,0,0
2013,Rep. of Moldova,Syrian Arab Rep.,G / FI,33,33,85,8,78,1,4,91,27,27
2013,Morocco,Syrian Arab Rep.,U / FI,842,842,16,0,0,0,858,858,0,0
2013,"China, Macao SAR",Syrian Arab Rep.,G / FI,1,1,0,0,0,0,0,,1,1
2013,Latvia,Syrian Arab Rep.,G / FI,15,0,15,0,16,0,2,18,12,0
2013,Luxembourg,Syrian Arab Rep.,G / FI,21,0,24,9,6,2,7,24,23,0
2013,Lithuania,Syrian Arab Rep.,G / FI,5,0,11,0,13,0,0,13,3,0
2013,Sri Lanka,Syrian Arab Rep.,U / FI,0,0,5,0,0,0,5,5,0,0
2013,Liechtenstein,Syrian Arab Rep.,G / FI,0,0,2,0,0,0,2,2,0,0
2013,Saint Lucia,Syrian Arab Rep.,U / FI,0,0,1,1,0,0,0,1,0,0
2013,Liberia,Syrian Arab Rep.,J / FA,0,0,8,0,0,0,0,,8,8
2013,Lebanon,Syrian Arab Rep.,U / RA,11,11,0,5,0,0,0,5,6,6
2013,Lebanon,Syrian Arab Rep.,U / AR,49,49,0,45,0,0,0,45,4,4
2013,Lebanon,Syrian Arab Rep.,U / FI,182,182,547,408,0,0,0,408,321,321
2013,Kuwait,Syrian Arab Rep.,U / FI,8,8,2,0,0,0,2,2,8,8
2013,Rep. of Korea,Syrian Arab Rep.,G / FA,146,31,295,0,0,0,10,10,431,36
2013,Cambodia,Syrian Arab Rep.,G / FI,1,1,0,0,0,0,0,,1,1
2013,Kyrgyzstan,Syrian Arab Rep.,G / FI,28,28,79,12,0,8,15,35,72,72
2013,Kyrgyzstan,Syrian Arab Rep.,U / FA,6,6,2,0,0,0,2,2,6,6
2013,Kazakhstan,Syrian Arab Rep.,U / FI,3,3,0,0,0,0,2,2,1,1
2013,Kazakhstan,Syrian Arab Rep.,G / FI,9,9,27,7,0,8,0,15,21,21
2013,Japan,Syrian Arab Rep.,G / FI,26,0,0,0,26,0,0,26,0,0
2013,Jordan,Syrian Arab Rep.,U / FA,491,491,800,800,0,0,491,1291,0,0
2013,Jamaica,Syrian Arab Rep.,J / FI,0,0,2,2,0,0,0,2,0,0
2013,Italy,Syrian Arab Rep.,G / RA,0,0,1,0,0,0,0,,0,0
2013,Italy,Syrian Arab Rep.,G / FI,507,0,634,246,149,383,0,778,278,0
2013,Iceland,Syrian Arab Rep.,G / FI,2,0,7,0,0,0,2,2,10,0
2013,Iceland,Syrian Arab Rep.,G / AR,0,0,1,0,0,0,0,,1,0
2013,Iraq,Syrian Arab Rep.,U / FI,1185,1185,0,20,0,0,1,21,1164,1164
2013,Ireland,Syrian Arab Rep.,G / SP,14,0,2,0,7,2,0,9,7,0
2013,Ireland,Syrian Arab Rep.,G / AR,2,0,5,2,0,3,0,5,2,0
2013,Ireland,Syrian Arab Rep.,G / FI,2,0,38,32,0,1,1,34,6,0
2013,India,Syrian Arab Rep.,U / FI,5,5,24,17,0,0,0,17,12,12
2013,Indonesia,Syrian Arab Rep.,U / FI,48,48,37,32,0,0,10,42,43,43
2013,Hungary,Syrian Arab Rep.,G / RA,0,0,43,0,0,0,0,,0,0
2013,Hungary,Syrian Arab Rep.,G / FI,38,0,934,73,54,47,554,728,184,0
2013,Croatia,Syrian Arab Rep.,G / JR,0,0,2,0,0,0,1,1,1,1
2013,Croatia,Syrian Arab Rep.,G / FI,40,40,194,0,10,0,188,198,36,36
2013,"China, Hong Kong SAR",Syrian Arab Rep.,U / FI,1,1,4,0,0,0,3,3,2,2
2013,Greece,Syrian Arab Rep.,G / AR,0,0,41,29,41,4,8,82,1174,0
2013,Greece,Syrian Arab Rep.,G / FI,0,0,482,44,61,70,126,301,491,0
2013,Ghana,Syrian Arab Rep.,G / FI,2,2,54,1,0,0,0,1,55,55
2013,Georgia,Syrian Arab Rep.,G / FA,16,16,60,0,24,1,25,50,26,26
2013,United Kingdom,Syrian Arab Rep.,G / AR,0,0,104,10,0,67,11,88,0,0
2013,United Kingdom,Syrian Arab Rep.,G / RA,0,0,8,0,0,0,1,1,0,0
2013,United Kingdom,Syrian Arab Rep.,G / FI,389,0,2020,1444,11,110,175,1740,641,0
2013,France,Syrian Arab Rep.,G / AR,29,0,80,23,3,13,4,43,64,0
2013,France,Syrian Arab Rep.,G / FI,0,0,1303,474,361,46,0,881,279,0
2013,France,Syrian Arab Rep.,G / RA,0,0,11,0,0,0,0,,0,0
2013,Finland,Syrian Arab Rep.,G / RA,0,0,1,0,0,0,0,,0,0
2013,Finland,Syrian Arab Rep.,G / FI,110,0,148,67,78,0,37,182,77,0
2013,Estonia,Syrian Arab Rep.,G / FI,0,0,17,2,0,5,0,7,10,0
2013,Spain,Syrian Arab Rep.,G / FI,320,0,725,4,146,2,0,152,743,0
2013,Ecuador,Syrian Arab Rep.,G / FA,0,0,8,0,0,6,0,6,4,4
2013,Algeria,Syrian Arab Rep.,U / RA,0,0,1,0,0,0,0,,1,1
2013,Algeria,Syrian Arab Rep.,U / FI,236,236,891,0,0,0,48,48,1079,1079
2013,Denmark,Syrian Arab Rep.,G / AR,59,0,125,41,44,37,0,122,9,0
2013,Denmark,Syrian Arab Rep.,G / FI,56,0,1710,1005,291,56,0,1352,77,0
2013,Djibouti,Syrian Arab Rep.,G / FI,0,0,1,0,0,0,0,,1,1
2013,Germany,Syrian Arab Rep.,G / JR,2436,0,0,0,0,0,0,,3430,0
2013,Germany,Syrian Arab Rep.,G / RA,264,0,1012,181,330,15,141,667,639,0
2013,Germany,Syrian Arab Rep.,G / NA,3286,0,11851,2726,5465,8,369,8568,6497,0
2013,Czech Rep.,Syrian Arab Rep.,G / RA,0,0,2,0,0,0,0,,0,0
2013,Czech Rep.,Syrian Arab Rep.,G / FI,63,0,67,4,98,1,10,113,25,0
2013,Cyprus,Syrian Arab Rep.,U / FI,12,12,22,0,0,0,22,22,12,0
2013,Cyprus,Syrian Arab Rep.,G / AR,233,0,247,0,54,6,43,103,377,0
2013,Cyprus,Syrian Arab Rep.,G / FI,701,0,562,1,122,71,139,333,930,0
2013,Cuba,Syrian Arab Rep.,U / FA,3,3,22,24,0,0,1,25,0,0
2013,Costa Rica,Syrian Arab Rep.,G / FI,2,2,3,1,0,0,0,1,4,4
2013,Colombia,Syrian Arab Rep.,G / AR,0,0,1,1,0,0,0,1,0,0
2013,Colombia,Syrian Arab Rep.,G / FI,2,2,9,0,0,3,7,10,1,1
2013,Dem. Rep. of the Congo,Syrian Arab Rep.,G / FI,0,0,2,0,0,0,0,,2,2
2013,Cameroon,Syrian Arab Rep.,U / FI,3,3,4,0,0,0,0,,7,7
2013,Côte d'Ivoire,Syrian Arab Rep.,J / FI,0,0,14,2,0,0,0,2,12,12
2013,China,Syrian Arab Rep.,U / FA,0,0,1,0,0,0,0,,1,0
2013,Chile,Syrian Arab Rep.,G / FI,5,0,5,5,0,0,0,5,5,4
2013,Switzerland,Syrian Arab Rep.,G / AR,88,0,361,0,34,140,86,260,192,0
2013,Switzerland,Syrian Arab Rep.,G / RA,0,0,49,0,0,0,0,,0,0
2013,Switzerland,Syrian Arab Rep.,G / FI,1665,0,1852,162,577,77,341,1157,2657,0
2013,Canada,Syrian Arab Rep.,G / FI,404,0,517,440,0,35,14,489,435,0
2013,Barbados,Syrian Arab Rep.,U / FI,0,0,1,1,0,0,0,1,0,0
2013,Brazil,Syrian Arab Rep.,G / FI,67,58,297,291,0,0,3,294,70,0
2013,Bolivia (Plurinational State of),Syrian Arab Rep.,G / FI,0,0,3,3,0,0,0,3,0,0
2013,Belize,Syrian Arab Rep.,G / FI,0,0,3,0,0,0,3,3,0,0
2013,Belarus,Syrian Arab Rep.,G / FI,11,11,63,10,25,0,14,49,25,25
2013,Bosnia and Herzegovina,Syrian Arab Rep.,G / FI,26,26,59,0,43,0,24,67,18,18
2013,Bahrain,Syrian Arab Rep.,U / FI,3,3,0,0,0,0,3,3,0,0
2013,Bulgaria,Syrian Arab Rep.,G / RA,0,0,64,0,0,0,0,,0,0
2013,Bulgaria,Syrian Arab Rep.,G / FI,370,0,4452,149,1862,9,366,2386,2500,2500
2013,Benin,Syrian Arab Rep.,G / FI,0,0,1,1,0,0,0,1,0,0
2013,Belgium,Syrian Arab Rep.,G / JR,0,0,0,2,8,12,12,34,0,0
2013,Belgium,Syrian Arab Rep.,G / RA,0,0,146,0,0,0,3,3,0,0
2013,Belgium,Syrian Arab Rep.,G / FI,938,0,944,213,1315,54,34,1616,378,0
2013,Azerbaijan,Syrian Arab Rep.,U / FI,6,6,2,6,0,0,1,7,1,1
2013,Azerbaijan,Syrian Arab Rep.,G / FI,0,0,6,0,0,1,0,1,5,5
2013,Austria,Syrian Arab Rep.,G / FA,694,0,1991,838,253,189,70,1350,1561,0
2013,Australia,Syrian Arab Rep.,G / FI,67,0,139,60,0,1,0,61,138,0
2013,Australia,Syrian Arab Rep.,G / AR,4,0,1,4,0,0,0,4,1,0
2013,Antigua and Barbuda,Syrian Arab Rep.,J / FI,0,0,1,0,0,0,0,,1,1
2013,Armenia,Syrian Arab Rep.,G / FI,340,340,285,429,0,0,154,583,42,42
2013,Argentina,Syrian Arab Rep.,G / FI,9,0,122,119,0,0,0,119,12,0
2013,United Arab Emirates,Syrian Arab Rep.,U / FA,14,14,0,0,0,0,0,,14,14
2013,Albania,Syrian Arab Rep.,G / FI,3,3,24,0,0,0,12,12,15,15
2013,Angola,Syrian Arab Rep.,G / FI,1,0,0,0,0,0,0,,1,0
2014,Zimbabwe,Syrian Arab Rep.,G / FI,0,0,*,0,0,*,0,*,0,0
2014,Zambia,Syrian Arab Rep.,G / FI,*,*,7,*,0,0,0,*,9,9
2014,South Africa,Syrian Arab Rep.,G / FI,10,*,40,11,0,*,0,14,36,*
2014,South Africa,Syrian Arab Rep.,G / AR,*,0,0,0,0,0,0,,*,0
2014,Yemen,Syrian Arab Rep.,U / FI,1761,1761,343,0,0,0,1065,1065,1039,1039
2014,Venezuela (Bolivarian Republic of),Syrian Arab Rep.,G / FI,0,0,*,0,0,0,0,,*,*
2014,United States of America,Syrian Arab Rep.,G / IN,1202,0,1564,652,0,38,130,820,2091,0
2014,United States of America,Syrian Arab Rep.,G / EO,421,0,141,60,*,14,83,161,211,0
2014,Uruguay,Syrian Arab Rep.,G / FI,*,*,16,5,0,0,*,6,11,11
2014,Ukraine,Syrian Arab Rep.,U / FI,0,0,7,0,0,0,6,6,*,*
2014,Ukraine,Syrian Arab Rep.,G / JR,188,131,35,34,0,21,11,66,157,123
2014,Ukraine,Syrian Arab Rep.,G / FI,403,356,267,12,166,42,14,234,436,313
2014,Uganda,Syrian Arab Rep.,G / FA,8,8,6,0,0,*,0,*,13,13
2014,Turkey,Syrian Arab Rep.,U / RA,0,0,*,0,0,0,*,*,0,0
2014,Turkey,Syrian Arab Rep.,U / FI,100,100,8366,8229,0,0,*,8230,236,236
2014,Turkey,Syrian Arab Rep.,U / AR,10,10,5,*,0,0,0,*,14,14
2014,Trinidad and Tobago,Syrian Arab Rep.,U / FI,0,0,16,8,0,0,0,8,8,8
2014,Trinidad and Tobago,Syrian Arab Rep.,U / AR,0,0,*,0,0,0,0,,*,*
2014,Thailand,Syrian Arab Rep.,U / FI,144,144,157,72,0,0,61,133,168,168
2014,Togo,Syrian Arab Rep.,G / FI,*,*,5,0,0,0,0,,6,6
2014,Chad,Syrian Arab Rep.,G / FA,*,*,*,0,0,0,0,,*,*
2014,Sweden,Syrian Arab Rep.,G / RA,135,0,439,*,12,0,8,22,122,0
2014,Sweden,Syrian Arab Rep.,G / FI,6474,0,30313,1759,14627,27,1791,18204,18680,0
2014,Sweden,Syrian Arab Rep.,G / AR,334,0,773,*,6,671,161,842,209,0
2014,Slovenia,Syrian Arab Rep.,G / RA,0,0,*,0,0,0,0,,0,0
2014,Slovenia,Syrian Arab Rep.,G / FI,*,0,88,*,8,*,72,85,8,0
2014,Slovakia,Syrian Arab Rep.,G / RA,0,0,6,0,0,0,0,,0,0
2014,Slovakia,Syrian Arab Rep.,G / FI,0,0,34,0,14,17,11,42,0,0
2014,South Sudan,Syrian Arab Rep.,U / FI,*,0,*,*,0,0,0,*,*,*
2014,Serbia and Kosovo (S/RES/1244 (1999)),Syrian Arab Rep.,G / FI,*,*,83,0,*,0,82,83,*,*
2014,Somalia,Syrian Arab Rep.,U / FI,8,8,55,0,0,0,0,,63,63
2014,Senegal,Syrian Arab Rep.,G / FA,*,*,19,0,0,*,0,*,21,21
2014,Sudan,Syrian Arab Rep.,U / FI,224,224,0,0,0,0,0,,224,224
2014,Sudan,Syrian Arab Rep.,G / FI,0,0,73,59,0,0,0,59,14,0
2014,Saudi Arabia,Syrian Arab Rep.,U / FI,12,12,*,*,0,0,0,*,12,12
2014,Russian Federation,Syrian Arab Rep.,G / TA,482,482,1435,0,1369,384,0,1753,164,164
2014,Russian Federation,Syrian Arab Rep.,G / FI,357,357,473,*,0,580,0,581,249,249
2014,Romania,Syrian Arab Rep.,G / RA,0,0,12,0,0,0,0,,0,0
2014,Romania,Syrian Arab Rep.,G / JR,0,0,0,0,5,5,0,10,*,*
2014,Romania,Syrian Arab Rep.,G / FI,91,91,614,180,287,136,9,612,112,112
2014,Qatar,Syrian Arab Rep.,U / FI,0,0,6,6,0,0,0,6,0,0
2014,Paraguay,Syrian Arab Rep.,G / FI,0,0,16,7,0,0,0,7,9,0
2014,Portugal,Syrian Arab Rep.,G / FI,8,0,18,0,*,0,10,11,15,0
2014,Poland,Syrian Arab Rep.,G / RA,0,0,*,0,0,0,0,,0,0
2014,Poland,Syrian Arab Rep.,G / FI,100,0,100,115,17,0,62,194,34,0
2014,Poland,Syrian Arab Rep.,G / AR,0,0,0,0,0,*,0,*,0,0
2014,Papua New Guinea,Syrian Arab Rep.,G / FI,*,0,*,*,0,0,*,*,*,0
2014,Philippines,Syrian Arab Rep.,G / FI,21,0,27,13,0,0,0,13,35,0
2014,Peru,Syrian Arab Rep.,G / FI,0,0,19,17,0,0,0,17,*,0
2014,Pakistan,Syrian Arab Rep.,U / FI,0,0,5,*,0,0,0,*,*,*
2014,Oman,Syrian Arab Rep.,U / FI,*,*,*,0,0,0,0,,6,6
2014,New Zealand,Syrian Arab Rep.,G / FI,7,0,12,12,0,*,0,13,6,0
2014,Nauru,Syrian Arab Rep.,G / FI,0,0,*,0,0,0,0,,5,0
2014,Nepal,Syrian Arab Rep.,U / FI,0,0,*,*,0,0,0,*,0,0
2014,Norway,Syrian Arab Rep.,G / RA,0,0,19,0,0,0,0,,0,0
2014,Norway,Syrian Arab Rep.,G / FI,224,0,1980,575,669,16,175,1435,779,0
2014,Norway,Syrian Arab Rep.,G / AR,35,0,228,0,50,158,22,230,49,0
2014,Netherlands,Syrian Arab Rep.,G / RA,0,0,41,0,0,0,0,,6,0
2014,Netherlands,Syrian Arab Rep.,G / JR,0,0,0,*,43,13,0,58,0,0
2014,Netherlands,Syrian Arab Rep.,G / FI,0,0,8748,349,5090,513,0,5952,2317,0
2014,Nigeria,Syrian Arab Rep.,G / FI,10,10,12,*,0,0,*,5,17,17
2014,Niger,Syrian Arab Rep.,G / FI,*,*,0,0,0,*,0,*,0,0
2014,Niger,Syrian Arab Rep.,G / AR,0,0,*,0,0,0,0,,*,*
2014,Malaysia,Syrian Arab Rep.,U / FI,720,720,248,376,0,7,62,445,523,523
2014,Malaysia,Syrian Arab Rep.,U / AR,0,0,10,*,0,0,0,*,7,7
2014,Mauritania,Syrian Arab Rep.,U / FA,41,41,58,39,0,0,6,45,54,54
2014,Mongolia,Syrian Arab Rep.,U / FI,*,*,0,*,0,0,0,*,0,0
2014,Montenegro,Syrian Arab Rep.,G / FA,60,8,1649,*,0,0,1672,1673,36,36
2014,Malta,Syrian Arab Rep.,G / FI,102,0,305,6,360,*,26,396,34,0
2014,Malta,Syrian Arab Rep.,G / AR,0,0,22,0,0,9,*,11,0,0
2014,Mali,Syrian Arab Rep.,G / FI,0,0,17,16,0,0,0,16,*,*
2014,The former Yugoslav Republic of Macedonia,Syrian Arab Rep.,G / FA,205,205,774,11,0,0,314,325,654,654
2014,Mexico,Syrian Arab Rep.,G / FI,0,0,6,0,0,0,0,,6,6
2014,Rep. of Moldova,Syrian Arab Rep.,G / FI,27,27,61,22,40,0,*,66,22,22
2014,"China, Macao SAR",Syrian Arab Rep.,G / FI,*,*,0,0,0,0,0,,*,*
2014,Latvia,Syrian Arab Rep.,G / FI,12,0,34,0,19,0,9,28,17,0
2014,Luxembourg,Syrian Arab Rep.,G / FI,23,0,92,38,*,*,16,61,59,0
2014,Luxembourg,Syrian Arab Rep.,G / AR,0,0,6,0,0,0,5,5,*,0
2014,Lithuania,Syrian Arab Rep.,G / FI,*,0,8,0,*,*,*,7,*,0
2014,Sri Lanka,Syrian Arab Rep.,U / FI,0,0,8,*,0,0,0,*,5,5
2014,Liechtenstein,Syrian Arab Rep.,G / FI,0,0,6,5,0,*,0,6,0,0
2014,Liberia,Syrian Arab Rep.,J / FI,8,8,0,6,0,0,0,6,*,*
2014,Lebanon,Syrian Arab Rep.,U / FI,321,321,6825,6733,0,0,0,6733,413,413
2014,Lebanon,Syrian Arab Rep.,U / AR,*,*,0,0,0,0,0,,*,*
2014,Kuwait,Syrian Arab Rep.,U / FI,8,8,*,*,0,0,0,*,7,7
2014,Rep. of Korea,Syrian Arab Rep.,G / FA,433,36,204,*,502,8,61,573,64,19
2014,Cambodia,Syrian Arab Rep.,G / FI,*,*,0,0,0,0,0,,*,*
2014,Kyrgyzstan,Syrian Arab Rep.,U / FI,*,*,*,*,0,0,*,5,0,0
2014,Kyrgyzstan,Syrian Arab Rep.,U / AR,*,*,0,0,0,0,*,*,*,*
2014,Kyrgyzstan,Syrian Arab Rep.,G / FI,72,72,19,40,0,19,16,75,16,16
2014,Kenya,Syrian Arab Rep.,U / FI,0,0,12,0,0,0,12,12,0,0
2014,Kenya,Syrian Arab Rep.,J / FI,6,6,0,0,0,0,*,*,5,5
2014,Kazakhstan,Syrian Arab Rep.,U / FI,*,*,5,*,0,0,0,*,*,*
2014,Kazakhstan,Syrian Arab Rep.,G / FI,21,21,27,5,0,43,0,48,0,0
2014,Kazakhstan,Syrian Arab Rep.,G / AR,0,0,24,0,0,0,0,,24,24
2014,Japan,Syrian Arab Rep.,G / FI,21,0,8,*,12,*,*,17,12,*
2014,Jordan,Syrian Arab Rep.,U / FI,0,0,6066,5400,0,7,659,6066,0,0
2014,Italy,Syrian Arab Rep.,G / RA,0,0,*,0,0,0,0,,0,0
2014,Italy,Syrian Arab Rep.,G / FI,278,0,504,229,84,176,*,490,331,0
2014,Iceland,Syrian Arab Rep.,G / FI,10,0,5,0,0,5,0,5,5,0
2014,Iraq,Syrian Arab Rep.,U / FI,1164,1164,99,36,0,*,0,38,1225,1225
2014,Ireland,Syrian Arab Rep.,G / SP,7,0,0,*,0,0,0,*,*,0
2014,Ireland,Syrian Arab Rep.,G / FI,6,0,25,20,0,*,*,24,7,0
2014,Ireland,Syrian Arab Rep.,G / AR,*,0,*,*,0,*,*,*,*,0
2014,India,Syrian Arab Rep.,U / FI,12,12,28,9,0,0,13,22,18,18
2014,Indonesia,Syrian Arab Rep.,U / FI,43,43,24,8,0,*,16,25,42,42
2014,Indonesia,Syrian Arab Rep.,U / AR,0,0,*,0,0,0,0,,*,*
2014,Hungary,Syrian Arab Rep.,G / RA,0,0,138,0,0,0,0,,0,0
2014,Hungary,Syrian Arab Rep.,G / FI,383,0,6719,110,61,91,5991,6253,823,0
2014,Croatia,Syrian Arab Rep.,G / JR,*,*,5,0,0,6,0,6,0,0
2014,Croatia,Syrian Arab Rep.,G / FI,36,36,54,0,0,0,84,84,6,6
2014,"China, Hong Kong SAR",Syrian Arab Rep.,U / FI,*,*,0,0,0,0,0,,*,*
2014,Greece,Syrian Arab Rep.,G / FI,491,0,781,430,165,394,503,1492,175,0
2014,Greece,Syrian Arab Rep.,G / AR,1174,0,153,98,25,44,571,738,7,*
2014,Ghana,Syrian Arab Rep.,G / FI,55,55,22,*,0,0,0,*,73,73
2014,Georgia,Syrian Arab Rep.,G / JR,*,*,9,0,*,0,5,6,*,*
2014,Georgia,Syrian Arab Rep.,G / FI,26,26,80,0,37,15,24,76,30,30
2014,United Kingdom,Syrian Arab Rep.,G / RA,0,0,7,*,0,0,*,*,0,0
2014,United Kingdom,Syrian Arab Rep.,G / FI,641,0,2406,1391,31,112,183,1717,1329,0
2014,United Kingdom,Syrian Arab Rep.,G / AR,0,0,91,14,0,54,5,73,0,0
2014,Gabon,Syrian Arab Rep.,G / FA,0,0,*,0,0,0,0,,*,*
2014,France,Syrian Arab Rep.,G / RA,0,0,12,0,0,0,0,,0,0
2014,France,Syrian Arab Rep.,G / FI,279,0,3142,884,520,63,0,1467,1159,0
2014,France,Syrian Arab Rep.,G / AR,64,0,143,55,9,54,10,128,80,0
2014,Finland,Syrian Arab Rep.,G / RA,0,0,*,0,0,0,0,,0,0
2014,Finland,Syrian Arab Rep.,G / FI,77,0,146,35,61,8,45,149,55,0
2014,Ethiopia,Syrian Arab Rep.,J / FI,0,0,8,0,0,0,0,,8,8
2014,Estonia,Syrian Arab Rep.,G / FI,10,0,7,*,0,5,*,13,*,0
2014,Spain,Syrian Arab Rep.,G / FI,743,0,1679,122,1040,9,0,1171,781,0
2014,Algeria,Syrian Arab Rep.,U / RA,*,*,8,0,0,0,0,,9,9
2014,Algeria,Syrian Arab Rep.,U / FI,1079,1079,3186,0,0,0,166,166,4099,4099
2014,Dominican Rep.,Syrian Arab Rep.,G / FI,0,0,*,*,0,0,0,*,*,*
2014,Denmark,Syrian Arab Rep.,G / RA,0,0,*,0,0,0,0,,0,0
2014,Denmark,Syrian Arab Rep.,G / FI,77,0,7085,3122,864,137,0,4123,1388,0
2014,Denmark,Syrian Arab Rep.,G / AR,9,0,137,7,9,38,0,54,80,0
2014,Djibouti,Syrian Arab Rep.,G / FI,*,*,*,0,0,0,0,,*,*
2014,Germany,Syrian Arab Rep.,G / RA,639,0,1768,947,354,9,366,1676,850,0
2014,Germany,Syrian Arab Rep.,G / NA,6497,0,39332,19560,2998,10,2459,25027,20348,0
2014,Germany,Syrian Arab Rep.,G / JR,3430,0,0,0,0,0,0,,8393,0
2014,Czech Rep.,Syrian Arab Rep.,G / RA,0,0,*,0,0,0,0,,0,0
2014,Czech Rep.,Syrian Arab Rep.,G / FI,26,0,107,*,71,0,7,79,54,0
2014,Cyprus,Syrian Arab Rep.,U / FI,12,12,8,9,0,0,7,16,*,*
2014,Cyprus,Syrian Arab Rep.,G / RA,0,0,360,0,0,0,0,,0,0
2014,Cyprus,Syrian Arab Rep.,G / FI,930,0,828,*,926,0,0,929,829,0
2014,Cyprus,Syrian Arab Rep.,G / AR,377,0,96,*,196,0,0,197,276,0
2014,Cuba,Syrian Arab Rep.,U / FA,0,0,*,*,0,0,0,*,0,0
2014,Costa Rica,Syrian Arab Rep.,G / FI,*,*,*,*,0,0,0,*,*,*
2014,Costa Rica,Syrian Arab Rep.,G / AR,0,0,*,0,*,0,0,*,0,0
2014,Colombia,Syrian Arab Rep.,G / FI,*,*,8,*,0,0,5,7,*,*
2014,Dem. Rep. of the Congo,Syrian Arab Rep.,U / FI,*,*,0,0,0,0,0,,*,*
2014,Cameroon,Syrian Arab Rep.,U / FI,7,7,6,*,0,0,*,*,11,11
2014,Côte d'Ivoire,Syrian Arab Rep.,J / FA,12,12,5,*,0,0,0,*,16,16
2014,China,Syrian Arab Rep.,U / FI,*,0,8,5,0,0,*,8,*,0
2014,Chile,Syrian Arab Rep.,G / FI,5,*,6,*,0,0,0,*,10,6
2014,Switzerland,Syrian Arab Rep.,G / RA,0,0,51,0,0,0,0,,0,0
2014,Switzerland,Syrian Arab Rep.,G / FI,2657,0,3768,916,1905,221,174,3216,3309,0
2014,Switzerland,Syrian Arab Rep.,G / AR,192,0,0,0,0,0,0,,192,0
2014,Canada,Syrian Arab Rep.,G / FI,435,0,538,685,0,27,18,730,177,0
2014,Canada,Syrian Arab Rep.,G / AR,0,0,0,0,0,8,*,12,7,0
2014,Central African Rep.,Syrian Arab Rep.,G / FI,0,0,8,0,0,0,0,,8,8
2014,Brazil,Syrian Arab Rep.,G / FI,119,0,1362,1405,0,0,0,1405,76,76
2014,Bolivia (Plurinational State of),Syrian Arab Rep.,G / FI,0,0,*,*,0,0,0,*,0,0
2014,Belarus,Syrian Arab Rep.,G / JR,0,0,*,0,0,0,*,*,0,0
2014,Belarus,Syrian Arab Rep.,G / FI,25,25,95,9,28,*,34,72,48,42
2014,Bosnia and Herzegovina,Syrian Arab Rep.,G / JR,5,5,*,0,0,6,0,6,0,0
2014,Bosnia and Herzegovina,Syrian Arab Rep.,G / FI,18,18,*,*,5,0,11,20,*,*
2014,Bulgaria,Syrian Arab Rep.,G / RA,64,64,45,0,0,0,0,,0,0
2014,Bulgaria,Syrian Arab Rep.,G / FI,2500,2500,6254,4821,1585,15,1109,7530,2510,2510
2014,Belgium,Syrian Arab Rep.,G / RA,0,0,81,0,0,0,15,15,0,0
2014,Belgium,Syrian Arab Rep.,G / JR,13,0,28,*,5,23,*,32,6,0
2014,Belgium,Syrian Arab Rep.,G / FI,378,0,2524,1261,444,30,37,1772,727,0
2014,Azerbaijan,Syrian Arab Rep.,U / FI,*,*,9,0,0,0,*,*,7,7
2014,Azerbaijan,Syrian Arab Rep.,G / FI,5,5,*,0,0,6,0,6,0,0
2014,Austria,Syrian Arab Rep.,G / FA,0,0,7730,0,0,0,0,,0,0
2014,Australia,Syrian Arab Rep.,G / FI,151,0,77,46,0,7,0,53,172,0
2014,Australia,Syrian Arab Rep.,G / AR,*,0,5,*,0,*,0,*,*,0
2014,Antigua and Barbuda,Syrian Arab Rep.,J / FI,*,*,0,*,0,0,0,*,0,0
2014,Armenia,Syrian Arab Rep.,G / FI,42,42,50,65,0,0,18,83,9,9
2014,Argentina,Syrian Arab Rep.,G / FI,12,0,91,74,0,0,7,81,22,0
2014,United Arab Emirates,Syrian Arab Rep.,U / FA,14,14,5,7,0,0,0,7,12,12
2014,Albania,Syrian Arab Rep.,G / FI,15,15,92,0,*,0,96,99,8,8
2014,Angola,Syrian Arab Rep.,G / FI,*,0,0,0,0,0,*,*,0,0
2015,Zimbabwe,Syrian Arab Rep.,G / FI,0,0,*,,0,0,*,*,0,0
2015,Zambia,Syrian Arab Rep.,G / FI,9,9,5,*,0,*,0,6,8,8
2015,South Africa,Syrian Arab Rep.,G / AR,*,0,*,,,,,,*,0
2015,South Africa,Syrian Arab Rep.,G / FI,36,*,27,*,,7,,10,53,5
2015,Yemen,Syrian Arab Rep.,U / FI,1039,1039,*,*,0,,421,425,615,615
2015,Venezuela (Bolivarian Republic of),Syrian Arab Rep.,G / FI,*,*,*,,,,,,*,*
2015,United States of America,Syrian Arab Rep.,G / EO,488,,110,104,,26,62,192,654,
2015,United States of America,Syrian Arab Rep.,G / IN,2109,,1004,581,,34,162,777,2464,
2015,Uruguay,Syrian Arab Rep.,G / FI,11,11,9,10,0,0,*,11,9,5
2015,Ireland,Syrian Arab Rep.,,,,*,,,,,,,0
2015,Ukraine,Syrian Arab Rep.,U / FI,*,*,27,9,,0,7,16,12,12
2015,Ukraine,Syrian Arab Rep.,G / JR,157,123,143,90,,19,*,111,189,183
2015,Ukraine,Syrian Arab Rep.,G / FI,436,313,136,5,58,134,10,207,365,268
2015,Uganda,Syrian Arab Rep.,G / FA,13,13,5,*,0,*,0,7,11,11
2015,Turkey,Syrian Arab Rep.,U / RA,,,*,,,,*,*,0,0
2015,Turkey,Syrian Arab Rep.,U / AR,14,14,,,,,,,14,14
2015,Turkey,Syrian Arab Rep.,U / FI,283,283,,,,,,,283,283
2015,Trinidad and Tobago,Syrian Arab Rep.,U / AR,*,*,,,,*,,*,0,
2015,Trinidad and Tobago,Syrian Arab Rep.,U / FI,7,7,37,19,,,,19,25,25
2015,Thailand,Syrian Arab Rep.,U / RA,,,*,,,,,,*,*
2015,Thailand,Syrian Arab Rep.,U / FI,168,168,177,36,,,66,102,243,243
2015,Togo,Syrian Arab Rep.,G / FI,6,6,*,*,,,,*,6,6
2015,Chad,Syrian Arab Rep.,G / FA,20,20,7,5,,,,5,22,22
2015,Sint Maarten (Dutch part),Syrian Arab Rep.,U / FI,,,*,,,,,,*,*
2015,Sweden,Syrian Arab Rep.,G / AR,209,0,702,0,9,607,78,694,216,0
2015,Sweden,Syrian Arab Rep.,G / RA,122,0,442,23,235,*,74,333,356,0
2015,Sweden,Syrian Arab Rep.,G / FI,18680,0,50891,1903,16383,37,2046,20369,48714,0
2015,Slovenia,Syrian Arab Rep.,G / RA,,,*,,,,,,,
2015,Slovenia,Syrian Arab Rep.,G / FI,8,,16,*,9,*,5,16,9,0
2015,Slovakia,Syrian Arab Rep.,G / RA,,,*,,,,,,,
2015,Slovakia,Syrian Arab Rep.,G / FI,,,6,,7,*,7,17,,0
2015,South Sudan,Syrian Arab Rep.,U / FI,*,*,*,*,,,0,*,0,0
2015,Serbia and Kosovo (S/RES/1244 (1999)),Syrian Arab Rep.,G / FI,237,237,301533,*,*,,301764,301770,0,
2015,Somalia,Syrian Arab Rep.,U / FI,63,63,39,*,,,,*,101,101
2015,El Salvador,Syrian Arab Rep.,G / FI,,,9,5,,,*,9,0,0
2015,Senegal,Syrian Arab Rep.,G / FA,21,21,,,,,,,21,21
2015,Sudan,Syrian Arab Rep.,G / FI,14,14,195,0,*,0,*,*,205,205
2015,Sudan,Syrian Arab Rep.,U / FI,224,224,110,11,0,0,*,12,322,322
2015,Saudi Arabia,Syrian Arab Rep.,U / FI,12,12,,,,,12,12,0,0
2015,Russian Federation,Syrian Arab Rep.,G / TA,164,164,1124,0,695,395,0,1090,198,198
2015,Russian Federation,Syrian Arab Rep.,G / FI,249,249,337,0,0,391,0,391,195,195
2015,Romania,Syrian Arab Rep.,G / JR,*,*,,,*,*,,*,,
2015,Romania,Syrian Arab Rep.,G / RA,,,5,,,,,,,
2015,Romania,Syrian Arab Rep.,G / FI,112,112,541,144,195,229,8,576,96,96
2015,Paraguay,Syrian Arab Rep.,G / FI,9,,55,27,,10,,37,27,16
2015,Portugal,Syrian Arab Rep.,G / FI,,,,,,,,,15,
2015,Poland,Syrian Arab Rep.,G / RA,,,9,,,,,,,
2015,Poland,Syrian Arab Rep.,G / FI,34,,286,203,*,*,90,297,36,
2015,Papua New Guinea,Syrian Arab Rep.,G / FI,*,0,0,*,,0,,*,*,
2015,Philippines,Syrian Arab Rep.,G / FI,35,0,22,17,,,0,17,40,0
2015,Peru,Syrian Arab Rep.,G / FI,*,,9,9,,,,9,*,*
2015,Pakistan,Syrian Arab Rep.,U / FI,*,*,11,*,,0,,*,9,9
2015,Oman,Syrian Arab Rep.,U / FI,6,6,0,,,,*,*,5,5
2015,New Zealand,Syrian Arab Rep.,G / FI,6,0,13,16,,0,,16,*,0
2015,Nauru,Syrian Arab Rep.,G / FI,8,0,0,*,,0,,*,*,0
2015,Norway,Syrian Arab Rep.,G / RA,0,0,19,6,*,*,*,12,13,0
2015,Norway,Syrian Arab Rep.,G / AR,49,0,265,6,15,235,9,265,46,0
2015,Norway,Syrian Arab Rep.,G / FI,779,0,10517,1354,188,7,659,2208,9069,0
2015,Netherlands,Syrian Arab Rep.,G / RA,6,,54,9,,29,,38,6,
2015,Netherlands,Syrian Arab Rep.,G / FI,2317,,18677,7601,114,577,231,8523,12712,
2015,Nigeria,Syrian Arab Rep.,G / FI,17,17,45,20,,,*,21,41,41
2015,Niger,Syrian Arab Rep.,G / AR,*,*,,,,,,,*,*
2015,Niger,Syrian Arab Rep.,G / FI,0,0,*,,,*,,*,0,0
2015,Malaysia,Syrian Arab Rep.,U / AR,7,7,,,,*,6,7,0,0
2015,Malaysia,Syrian Arab Rep.,U / FI,523,523,511,54,,,151,205,829,829
2015,Mauritania,Syrian Arab Rep.,U / FA,54,54,239,184,,,*,186,107,107
2015,Montenegro,Syrian Arab Rep.,G / FA,36,36,996,14,0,0,1018,1032,0,0
2015,Malta,Syrian Arab Rep.,G / AR,,,17,6,*,6,,13,*,
2015,Malta,Syrian Arab Rep.,G / FI,34,,398,17,265,*,16,299,156,0
2015,Mali,Syrian Arab Rep.,G / FI,*,*,66,58,,,,58,9,9
2015,The former Yugoslav Republic of Macedonia,Syrian Arab Rep.,G / FA,654,654,997,*,,*,1644,1648,*,*
2015,Mexico,Syrian Arab Rep.,G / FI,,,7,5,,,*,7,0,0
2015,Rep. of Moldova,Syrian Arab Rep.,G / FI,22,22,55,20,37,*,10,69,8,8
2015,Morocco,Syrian Arab Rep.,U / FI,*,*,0,*,0,0,0,*,0,0
2015,"China, Macao SAR",Syrian Arab Rep.,G / FI,*,0,,,,,,,*,0
2015,Latvia,Syrian Arab Rep.,G / FI,17,0,6,0,13,0,7,20,*,0
2015,Luxembourg,Syrian Arab Rep.,G / RA,,0,,,,,,,,0
2015,Luxembourg,Syrian Arab Rep.,G / AR,*,0,10,,,,8,8,*,0
2015,Luxembourg,Syrian Arab Rep.,G / FI,59,0,630,79,,*,20,100,588,0
2015,Lithuania,Syrian Arab Rep.,G / FI,*,0,6,*,*,0,*,5,5,0
2015,Sri Lanka,Syrian Arab Rep.,U / FI,5,5,7,*,,,,*,11,11
2015,Liechtenstein,Syrian Arab Rep.,G / FI,,0,*,,,,,,*,0
2015,Saint Lucia,Syrian Arab Rep.,U / FI,,,*,,,,*,*,*,*
2015,Libya,Syrian Arab Rep.,U / FI,18556,18556,35,,,,,,18591,18591
2015,Liberia,Syrian Arab Rep.,J / FI,*,*,*,,,,,,*,*
2015,Lebanon,Syrian Arab Rep.,U / AR,*,*,*,*,,,,*,*,*
2015,Lebanon,Syrian Arab Rep.,U / FI,413,413,9059,9062,,,399,9461,11,11
2015,Kuwait,Syrian Arab Rep.,U / FI,7,7,,*,,,,*,6,6
2015,Rep. of Korea,Syrian Arab Rep.,G / FA,64,19,404,*,142,,5,148,320,55
2015,Cambodia,Syrian Arab Rep.,G / FI,*,*,*,,,,*,*,*,*
2015,Kyrgyzstan,Syrian Arab Rep.,U / AR,*,*,0,0,0,0,*,*,0,0
2015,Kyrgyzstan,Syrian Arab Rep.,G / FI,16,16,12,8,,5,10,23,5,5
2015,Kyrgyzstan,Syrian Arab Rep.,U / FI,0,0,9,*,0,0,*,*,7,7
2015,Kenya,Syrian Arab Rep.,J / FI,5,5,19,*,,,14,16,8,8
2015,Kazakhstan,Syrian Arab Rep.,G / AR,24,24,*,,,,9,9,16,16
2015,Kazakhstan,Syrian Arab Rep.,U / FI,*,*,5,7,,,*,9,0,0
2015,Kazakhstan,Syrian Arab Rep.,G / FI,,,15,6,,9,,15,0,0
2015,Japan,Syrian Arab Rep.,G / FI,6,*,5,*,5,*,,9,,0
2015,Jordan,Syrian Arab Rep.,U / AR,0,0,*,0,0,0,*,*,0,0
2015,Jordan,Syrian Arab Rep.,U / FI,0,0,7413,7367,0,0,46,7413,0,0
2015,Jamaica,Syrian Arab Rep.,U / FI,,,*,,,,,,*,*
2015,Italy,Syrian Arab Rep.,G / FI,331,0,506,255,73,253,*,583,246,
2015,Iceland,Syrian Arab Rep.,G / FI,*,0,29,6,11,0,12,29,*,0
2015,Iraq,Syrian Arab Rep.,U / FI,1225,1225,,*,394,,828,1225,0,0
2015,Ireland,Syrian Arab Rep.,G / AR,*,,0,0,,*,0,*,0,0
2015,Ireland,Syrian Arab Rep.,G / SP,*,,*,*,,0,*,*,*,0
2015,Ireland,Syrian Arab Rep.,G / FI,7,,74,24,,0,9,33,50,0
2015,India,Syrian Arab Rep.,U / FI,18,18,21,17,0,0,*,19,20,20
2015,Indonesia,Syrian Arab Rep.,U / AR,*,*,,,,*,,*,0,0
2015,Indonesia,Syrian Arab Rep.,U / FI,42,42,20,19,,,11,30,32,32
2015,Hungary,Syrian Arab Rep.,G / RA,,,64081,,,,,,,
2015,Hungary,Syrian Arab Rep.,G / FI,823,,64587,19,140,108,46902,47169,18607,685
2015,Haiti,Syrian Arab Rep.,U / FI,,,*,,,,,,*,
2015,Croatia,Syrian Arab Rep.,G / FI,6,6,24,,*,*,22,26,*,*
2015,"China, Hong Kong SAR",Syrian Arab Rep.,U / FI,*,0,,,,,,,*,0
2015,Grenada,Syrian Arab Rep.,U / FI,,,*,*,,,,*,0,0
2015,Greece,Syrian Arab Rep.,G / RA,,,177,,,,,,,
2015,Greece,Syrian Arab Rep.,G / AR,7,,*,*,,*,,*,*,
2015,Greece,Syrian Arab Rep.,G / FI,175,,3316,2779,7,6,277,3069,445,
2015,Ghana,Syrian Arab Rep.,G / FI,73,73,20,42,,*,,44,49,49
2015,Georgia,Syrian Arab Rep.,G / JR,*,*,*,,*,*,,*,*,*
2015,Georgia,Syrian Arab Rep.,G / FI,30,30,20,5,22,9,9,45,5,5
2015,United Kingdom,Syrian Arab Rep.,G / AR,,,190,34,,55,*,92,,
2015,United Kingdom,Syrian Arab Rep.,G / RA,,,6,0,0,0,*,*,,
2015,United Kingdom,Syrian Arab Rep.,G / FI,1329,,2846,2011,42,213,250,2516,1648,
2015,Gabon,Syrian Arab Rep.,G / FA,*,*,*,,*,,,*,*,*
2015,France,Syrian Arab Rep.,G / RA,,,12,,,,,,,
2015,France,Syrian Arab Rep.,G / AR,80,,278,90,6,104,10,210,169,
2015,France,Syrian Arab Rep.,G / FI,1159,,5124,1587,735,74,,2396,2542,
2015,Finland,Syrian Arab Rep.,G / RA,,0,*,0,0,0,0,,0,0
2015,Finland,Syrian Arab Rep.,G / FI,55,0,836,106,21,*,55,184,705,0
2015,Ethiopia,Syrian Arab Rep.,J / FI,8,8,16,9,,,,9,15,15
2015,Estonia,Syrian Arab Rep.,G / FI,*,0,9,0,0,13,*,14,0,0
2015,Spain,Syrian Arab Rep.,G / FI,781,,5724,,,,,,3280,
2015,Egypt,Syrian Arab Rep.,U / FI,,,2415,2415,,,,2415,0,
2015,Algeria,Syrian Arab Rep.,U / RA,9,9,12,,,,*,*,17,17
2015,Algeria,Syrian Arab Rep.,U / FI,4099,4099,2111,,,,16,16,6194,6194
2015,Dominican Rep.,Syrian Arab Rep.,G / FI,*,*,5,,,,5,5,*,*
2015,Denmark,Syrian Arab Rep.,G / AR,80,0,115,42,*,102,,148,30,0
2015,Denmark,Syrian Arab Rep.,G / FI,1388,0,8608,4167,1550,111,,5828,795,0
2015,Djibouti,Syrian Arab Rep.,G / FI,*,*,*,*,,,*,7,0,0
2015,Germany,Syrian Arab Rep.,G / JR,8393,,,227,15,50,3546,3838,3670,0
2015,Germany,Syrian Arab Rep.,G / RA,850,,3853,3481,85,*,116,3683,1553,
2015,Germany,Syrian Arab Rep.,G / NA,20348,0,158657,97656,197,22,4062,101937,76359,0
2015,Czech Rep.,Syrian Arab Rep.,G / RA,,,5,,,,,,,
2015,Czech Rep.,Syrian Arab Rep.,G / FI,55,0,129,29,101,,20,150,42,0
2015,Cyprus,Syrian Arab Rep.,G / RA,,,42,,,,,,42,
2015,Cyprus,Syrian Arab Rep.,U / FA,*,*,50,54,,,,54,0,
2015,Cyprus,Syrian Arab Rep.,G / AR,276,,29,14,202,*,23,243,62,*
2015,Cyprus,Syrian Arab Rep.,G / FI,1069,,908,33,1356,,100,1489,488,135
2015,Cayman Islands,Syrian Arab Rep.,G / FI,,,*,*,,,,*,0,0
2015,Curaçao,Syrian Arab Rep.,U / FI,,,*,,,,,,*,*
2015,Cuba,Syrian Arab Rep.,U / FA,0,0,26,22,,,*,26,0,0
2015,Costa Rica,Syrian Arab Rep.,G / FI,*,*,*,*,,,,*,*,*
2015,Colombia,Syrian Arab Rep.,G / FI,*,*,7,*,,,6,9,0,0
2015,Congo,Syrian Arab Rep.,G / FA,,,8,*,,,,*,*,*
2015,Dem. Rep. of the Congo,Syrian Arab Rep.,G / FI,*,*,5,7,0,0,0,7,0,0
2015,Cameroon,Syrian Arab Rep.,U / RA,,,*,,,,,,*,*
2015,Cameroon,Syrian Arab Rep.,U / FI,11,11,11,13,,,*,15,7,7
2015,Côte d'Ivoire,Syrian Arab Rep.,J / FA,16,16,9,17,,,,17,8,8
2015,China,Syrian Arab Rep.,U / FI,*,*,32,9,,,,9,24,24
2015,Chile,Syrian Arab Rep.,G / FI,10,6,8,7,,,,7,11,*
2015,Switzerland,Syrian Arab Rep.,G / FI,3309,0,4745,1309,1972,421,122,3824,4462,0
2015,Canada,Syrian Arab Rep.,G / AR,7,,9,*,,8,,10,8,
2015,Canada,Syrian Arab Rep.,G / FI,177,,544,551,,13,6,570,227,
2015,Central African Rep.,Syrian Arab Rep.,G / FI,8,8,,,,,,,8,8
2015,Brazil,Syrian Arab Rep.,G / FI,76,76,1610,532,,0,,532,1154,592
2015,Bolivia (Plurinational State of),Syrian Arab Rep.,G / FI,,,*,*,,,,*,0,
2015,Belarus,Syrian Arab Rep.,G / JR,0,0,*,0,0,0,*,*,0,0
2015,Belarus,Syrian Arab Rep.,G / FI,48,42,103,16,50,22,56,144,7,7
2015,Bosnia and Herzegovina,Syrian Arab Rep.,G / FI,*,*,5,,*,,,*,*,*
2015,Bulgaria,Syrian Arab Rep.,G / RA,,,33,,,,,,,
2015,Bulgaria,Syrian Arab Rep.,G / FI,2510,2510,5950,4520,802,66,2042,7430,1683,1683
2015,Belgium,Syrian Arab Rep.,G / JR,,0,23,*,,15,*,21,6,0
2015,Belgium,Syrian Arab Rep.,G / RA,,,122,,,,8,8,,
2015,Belgium,Syrian Arab Rep.,G / FI,727,0,10293,3443,430,57,27,3957,3864,0
2015,Azerbaijan,Syrian Arab Rep.,G / FI,0,0,5,0,0,*,0,*,*,*
2015,Azerbaijan,Syrian Arab Rep.,U / FI,7,7,6,6,,0,0,6,7,7
2015,Austria,Syrian Arab Rep.,G / RA,,,195,,,,,,,
2015,Austria,Syrian Arab Rep.,G / FA,4872,,24352,8114,183,752,1213,10262,18669,0
2015,Australia,Syrian Arab Rep.,G / AR,*,0,*,0,,*,*,*,*,0
2015,Australia,Syrian Arab Rep.,G / FI,180,0,87,*,,113,7,123,129,0
2015,Antigua and Barbuda,Syrian Arab Rep.,J / FI,,,15,15,,,,15,0,0
2015,Armenia,Syrian Arab Rep.,U / FI,,,*,,,,,,*,*
2015,Armenia,Syrian Arab Rep.,G / FI,9,9,103,87,,,14,101,11,11
2015,Argentina,Syrian Arab Rep.,G / FI,22,,159,55,,19,9,83,98,9
2015,United Arab Emirates,Syrian Arab Rep.,U / AR,12,12,121,18,,,6,24,109,109
2015,Albania,Syrian Arab Rep.,G / FI,8,8,71,,,,79,79,0,0
2015,Anguilla,Syrian Arab Rep.,J / FI,,,*,*,,,,*,0,
